{"Sound of things": {"mfcc": [0.6498, 0.0341, 0.0438, 0.1112, 0.1509, 0.0153, 0.0627, 0.1028, 0.1227], "audioset": [0.3393, 0.0655, 0.0728, 0.1525, 0.0482, 0.1309, 0.0013, 0.1498, 0.0752], "openl3-env": [0.3116, 0.0291, 0.0544, 0.1492, 0.1299, 0.044, -0.026, 0.1797, 0.0292], "openl3-music": [0.3168, 0.0448, 0.0478, 0.095, 0.0929, 0.0174, 0.0322, 0.1751, 0.0342], "soundnet": [0.0917, -0.0127, 0.0324, 0.0149, -0.007, 0.0007, 0.003, -0.001, 0.0175], "mfcc_mean": 0.14370000000000002, "audioset_mean": 0.11505555555555554, "openl3-env_mean": 0.10012222222222222, "openl3-music_mean": 0.09513333333333335, "soundnet_mean": 0.015500000000000002}, "Natural Sounds": {"mfcc": [0.1575, 0.1343, 0.0273, 0.5482], "audioset": [0.2594, 0.0276, 0.0688, 0.2262], "openl3-env": [0.1286, 0.1864, 0.0461, 0.5492], "openl3-music": [0.1677, 0.0585, 0.0325, -0.0255], "soundnet": [0.029, 0.0136, 0.0031, -0.0325], "mfcc_mean": 0.216825, "audioset_mean": 0.14550000000000002, "openl3-env_mean": 0.227575, "openl3-music_mean": 0.0583, "soundnet_mean": 0.003299999999999999}, "Human Sounds": {"mfcc": [0.0263, 0.057, 0.1013, 0.0206, 0.0852, 0.2013, 0.0383, 0.0963, 0.0159], "audioset": [0.0386, 0.0652, 0.2178, 0.0534, 0.3961, 0.4648, 0.1176, 0.3436, 0.058], "openl3-env": [0.1031, 0.0754, 0.1414, 0.089, 0.1321, 0.337, 0.1022, 0.1561, -0.0032], "openl3-music": [0.0541, 0.0737, 0.184, 0.1053, 0.0804, 0.4525, 0.0775, 0.124, -0.0078], "soundnet": [-0.0016, -0.0012, -0.0021, 0.0194, 0.0329, 0.0261, -0.01, 0.0099, 0.005], "mfcc_mean": 0.07135555555555556, "audioset_mean": 0.19501111111111114, "openl3-env_mean": 0.1259, "openl3-music_mean": 0.12707777777777776, "soundnet_mean": 0.00871111111111111}, "Vehicles": {"mfcc": [0.0725, 0.2412, 0.6411, 0.0065, 0.0515, 0.1726], "audioset": [0.0624, 0.8783, 0.2889, 0.383, 0.2036, -0.009], "openl3-env": [0.0376, -0.0699, -0.0004, 0.2202, 0.1117, 0.0174], "openl3-music": [0.0204, 0.2285, 0.1912, 0.3235, 0.0769, 0.0284], "soundnet": [-0.001, -0.0103, 0.0083, -0.0114, 0.005, -0.0043], "mfcc_mean": 0.19756666666666667, "audioset_mean": 0.3012, "openl3-env_mean": 0.05276666666666666, "openl3-music_mean": 0.14481666666666668, "soundnet_mean": -0.002283333333333334}, "Instruments": {"mfcc": [0.006, 0.038, 0.2773, 0.1135, 0.0909, 0.1679, 0.0224, 0.223, 0.1294, 0.0604], "audioset": [-0.0101, -0.0181, 0.2081, 0.1763, 0.0996, 0.1783, 0.1022, 0.222, 0.2332, 0.0168], "openl3-env": [0.0092, 0.1085, 0.3216, 0.1027, 0.0905, 0.2596, 0.0636, 0.1797, 0.1461, 0.0288], "openl3-music": [0.0106, 0.1185, 0.3141, 0.1311, 0.068, 0.2436, 0.0821, 0.184, 0.2655, 0.0411], "soundnet": [0.0041, -0.0054, 0.0029, 0.0254, 0.0055, 0.0439, 0.0112, 0.0007, 0.0128, -0.0128], "mfcc_mean": 0.11288000000000001, "audioset_mean": 0.12082999999999999, "openl3-env_mean": 0.13102999999999998, "openl3-music_mean": 0.14586000000000002, "soundnet_mean": 0.008830000000000001}, "Animals": {"mfcc": [0.1202, 0.2567, 0.234, 0.2988, 0.2508, 0.6559], "audioset": [0.2845, -0.0362, 0.1445, 0.2215, 0.1286, -0.0115], "openl3-env": [0.201, 0.1246, 0.3301, 0.3944, 0.2524, -0.0042], "openl3-music": [0.1886, -0.0259, 0.2554, 0.346, 0.2201, -0.0013], "soundnet": [0.0274, 0.0002, 0.0237, 0.012, -0.0044, 0.0093], "mfcc_mean": 0.3027333333333333, "audioset_mean": 0.1219, "openl3-env_mean": 0.21638333333333334, "openl3-music_mean": 0.16381666666666667, "soundnet_mean": 0.011366666666666666}}