{"Sound of things": {"mfcc": [0.4877, 0.1158, 0.1446, 0.1823, 0.1355, 0.0505, 0.0371, 0.1131, 0.1678], "audioset": [0.3769, 0.1516, 0.2206, 0.268, 0.1418, 0.1436, 0.0402, 0.1772, 0.1536], "openl3-env": [0.3304, 0.08, 0.1604, 0.2069, 0.1383, 0.0925, 0.0056, 0.2244, 0.0909], "openl3-music": [0.3342, 0.0639, 0.1527, 0.1594, 0.0965, 0.0618, 0.0406, 0.1717, 0.0731], "soundnet": [0.0706, 0.0054, 0.0955, 0.0218, 0.0027, -0.0041, -0.0005, 0.0159, 0.0309], "mfcc_mean": 0.15937777777777776, "audioset_mean": 0.18594444444444444, "openl3-env_mean": 0.14771111111111113, "openl3-music_mean": 0.1282111111111111, "soundnet_mean": 0.02646666666666667}, "Natural Sounds": {"mfcc": [0.1934, 0.1506, 0.0385, 0.4591], "audioset": [0.3324, 0.1031, 0.198, 0.1592], "openl3-env": [0.2372, 0.1925, 0.0673, 0.5125], "openl3-music": [0.2626, 0.0805, 0.0642, -0.025], "soundnet": [0.0356, 0.0021, 0.0035, -0.0244], "mfcc_mean": 0.21039999999999998, "audioset_mean": 0.198175, "openl3-env_mean": 0.252375, "openl3-music_mean": 0.095575, "soundnet_mean": 0.0042}, "Human Sounds": {"mfcc": [0.0725, 0.1132, 0.1592, 0.0953, 0.1153, 0.2245, 0.0969, 0.1728, 0.0246], "audioset": [0.0378, 0.1269, 0.2937, 0.1715, 0.4164, 0.501, 0.179, 0.2796, 0.0203], "openl3-env": [0.0776, 0.129, 0.1912, 0.133, 0.2119, 0.4624, 0.1698, 0.0963, -0.0024], "openl3-music": [0.0472, 0.1242, 0.1893, 0.1236, 0.1424, 0.4227, 0.1137, 0.075, -0.0012], "soundnet": [-0.0003, 0.0125, 0.0071, 0.0203, 0.0344, 0.0571, 0.0098, 0.0242, 0.0037], "mfcc_mean": 0.11936666666666665, "audioset_mean": 0.22513333333333335, "openl3-env_mean": 0.1632, "openl3-music_mean": 0.13743333333333332, "soundnet_mean": 0.018755555555555557}, "Vehicles": {"mfcc": [0.0937, 0.1777, 0.5403, 0.056, 0.0783, 0.1104], "audioset": [0.1453, 0.7658, 0.2432, 0.4414, 0.2309, 0.0199], "openl3-env": [0.0797, -0.0073, 0.0077, 0.2281, 0.1798, 0.0061], "openl3-music": [0.0572, 0.1242, 0.1265, 0.3415, 0.1105, 0.0079], "soundnet": [0.0074, -0.023, 0.0082, -0.0065, 0.0064, -0.0032], "mfcc_mean": 0.17606666666666668, "audioset_mean": 0.30775, "openl3-env_mean": 0.08234999999999999, "openl3-music_mean": 0.12796666666666667, "soundnet_mean": -0.0017833333333333332}, "Instruments": {"mfcc": [0.016, 0.1324, 0.2902, 0.1714, 0.1355, 0.2817, 0.0368, 0.2514, 0.1632, 0.0756], "audioset": [0.0164, 0.0475, 0.2118, 0.3063, 0.2078, 0.3137, 0.1485, 0.2153, 0.3002, 0.03], "openl3-env": [0.013, 0.0875, 0.2747, 0.1973, 0.1161, 0.3377, 0.0737, 0.192, 0.177, 0.0265], "openl3-music": [0.0115, 0.1126, 0.2725, 0.2368, 0.1136, 0.3373, 0.0873, 0.2038, 0.2901, 0.0487], "soundnet": [0.0011, 0.0255, 0.0017, 0.0417, 0.0137, 0.0829, 0.0037, 0.0251, 0.0136, 0.0005], "mfcc_mean": 0.15541999999999997, "audioset_mean": 0.17975, "openl3-env_mean": 0.14955000000000002, "openl3-music_mean": 0.17142, "soundnet_mean": 0.020950000000000003}, "Animals": {"mfcc": [0.1846, 0.2147, 0.3469, 0.2451, 0.2766, 0.4171], "audioset": [0.2863, 0.0226, 0.2511, 0.2271, 0.1899, -0.008], "openl3-env": [0.181, 0.0617, 0.2964, 0.3381, 0.2672, 0.0259], "openl3-music": [0.1857, 0.0542, 0.2379, 0.3138, 0.2284, 0.027], "soundnet": [0.0023, 0.0001, 0.0125, 0.0051, 0.0017, -0.0027], "mfcc_mean": 0.2808333333333333, "audioset_mean": 0.1615, "openl3-env_mean": 0.19505000000000003, "openl3-music_mean": 0.1745, "soundnet_mean": 0.0031666666666666666}}