{"Sound of things": {"mfcc": [0.1546, 0.0558, 0.0655, 0.0952, 0.0576, 0.0521, 0.0356, 0.0765, 0.0838], "audioset": [0.1894, 0.0807, 0.0999, 0.2048, 0.1367, 0.0922, 0.0596, 0.1888, 0.0673], "openl3-env": [0.1488, 0.0231, 0.0616, 0.145, 0.0888, 0.0466, 0.0226, 0.1577, 0.0467], "openl3-music": [0.1451, 0.0332, 0.0589, 0.0934, 0.0796, 0.0747, 0.0285, 0.1462, 0.0467], "soundnet": [0.0902, 0.0072, 0.0194, 0.0297, 0.0294, 0.0183, 0.0293, 0.0407, 0.0425], "mfcc_mean": 0.07518888888888889, "audioset_mean": 0.12437777777777777, "openl3-env_mean": 0.08232222222222223, "openl3-music_mean": 0.07847777777777777, "soundnet_mean": 0.034077777777777776}, "Natural Sounds": {"mfcc": [0.2047, 0.0238, 0.0227, 0.4436], "audioset": [0.2402, 0.0733, 0.0622, 0.2901], "openl3-env": [0.1428, 0.0713, 0.0476, 0.4483], "openl3-music": [0.1474, 0.0437, 0.0333, 0.0962], "soundnet": [0.0596, 0.0592, 0.0189, -0.0287], "mfcc_mean": 0.1737, "audioset_mean": 0.16645, "openl3-env_mean": 0.1775, "openl3-music_mean": 0.08015, "soundnet_mean": 0.027249999999999996}, "Human Sounds": {"mfcc": [0.0441, 0.047, 0.0887, 0.0227, 0.1171, 0.1219, 0.0783, 0.1152, 0.0061], "audioset": [0.0662, 0.0947, 0.1759, 0.0754, 0.3362, 0.2159, 0.1804, 0.0767, 0.0067], "openl3-env": [0.0749, 0.0516, 0.1788, 0.0729, 0.1318, 0.2066, 0.1228, 0.0478, 0.0162], "openl3-music": [0.0642, 0.0814, 0.1566, 0.0578, 0.116, 0.1839, 0.1392, 0.0453, 0.0044], "soundnet": [0.0157, 0.0335, 0.04, 0.0369, 0.0251, 0.1187, 0.0554, 0.0528, 0.0028], "mfcc_mean": 0.07123333333333333, "audioset_mean": 0.13645555555555555, "openl3-env_mean": 0.10037777777777777, "openl3-music_mean": 0.09431111111111111, "soundnet_mean": 0.042322222222222226}, "Vehicles": {"mfcc": [0.0334, 0.0279, 0.155, 0.0457, 0.0576, 0.0458], "audioset": [0.0524, 0.3104, 0.1491, 0.3233, 0.1108, 0.0703], "openl3-env": [0.0475, 0.0285, 0.1559, 0.2544, 0.0625, 0.0594], "openl3-music": [0.0411, 0.1104, 0.1014, 0.1875, 0.1002, 0.0682], "soundnet": [0.0089, -0.0202, 0.0326, 0.0912, 0.0415, 0.0115], "mfcc_mean": 0.0609, "audioset_mean": 0.16938333333333333, "openl3-env_mean": 0.10136666666666666, "openl3-music_mean": 0.10146666666666666, "soundnet_mean": 0.027583333333333335}, "Instruments": {"mfcc": [-0.0027, 0.0813, 0.1403, 0.0741, 0.1663, 0.1228, 0.0175, 0.0939, 0.0931, 0.0011], "audioset": [0.0009, 0.085, 0.1576, 0.1723, 0.1401, 0.2546, 0.104, 0.1128, 0.111, 0.0173], "openl3-env": [0.0017, 0.196, 0.1055, 0.1246, 0.215, 0.208, 0.0652, 0.0927, 0.1292, 0.0197], "openl3-music": [0.0049, 0.1377, 0.1602, 0.1462, 0.2023, 0.1913, 0.072, 0.1028, 0.1794, 0.0123], "soundnet": [-0.0019, 0.0434, 0.04, 0.0402, 0.0368, 0.0848, 0.0158, 0.0587, 0.0401, 0.0047], "mfcc_mean": 0.07876999999999999, "audioset_mean": 0.11556, "openl3-env_mean": 0.11576, "openl3-music_mean": 0.12090999999999999, "soundnet_mean": 0.03626}, "Animals": {"mfcc": [0.1329, 0.0541, 0.2444, 0.0912, 0.1386, 0.0208], "audioset": [0.3448, 0.0679, 0.3091, 0.147, 0.1475, 0.0358], "openl3-env": [0.2326, 0.0502, 0.2279, 0.1372, 0.1269, 0.0147], "openl3-music": [0.1979, 0.0406, 0.1725, 0.2011, 0.1238, 0.0167], "soundnet": [0.0695, 0.0337, 0.0456, 0.0955, 0.0742, -0.0041], "mfcc_mean": 0.11366666666666668, "audioset_mean": 0.17535, "openl3-env_mean": 0.13158333333333333, "openl3-music_mean": 0.12543333333333334, "soundnet_mean": 0.0524}}