{"Sound of things": {"mfcc": [0.2725, 0.1481, 0.1481, 0.158, 0.0942, 0.0523, 0.0535, 0.0831, 0.1649], "audioset": [0.3052, 0.1659, 0.2405, 0.284, 0.1736, 0.0959, 0.0837, 0.234, 0.1383], "openl3-env": [0.281, 0.0942, 0.186, 0.2251, 0.1311, 0.0718, 0.0703, 0.2149, 0.1075], "openl3-music": [0.2974, 0.1063, 0.1519, 0.1946, 0.1111, 0.0957, 0.068, 0.2194, 0.0916], "soundnet": [0.1417, 0.0191, 0.0572, 0.0492, 0.0355, 0.0355, 0.0283, 0.0591, 0.0632], "mfcc_mean": 0.13052222222222226, "audioset_mean": 0.19123333333333334, "openl3-env_mean": 0.15354444444444443, "openl3-music_mean": 0.14844444444444443, "soundnet_mean": 0.054311111111111116}, "Natural Sounds": {"mfcc": [0.2589, 0.0908, 0.0571, 0.3546], "audioset": [0.3232, 0.1632, 0.1455, 0.2558], "openl3-env": [0.2266, 0.1319, 0.1273, 0.416], "openl3-music": [0.253, 0.0855, 0.1054, 0.1394], "soundnet": [0.1141, 0.0469, 0.0421, -0.0206], "mfcc_mean": 0.19035000000000002, "audioset_mean": 0.221925, "openl3-env_mean": 0.22544999999999998, "openl3-music_mean": 0.145825, "soundnet_mean": 0.04562499999999999}, "Human Sounds": {"mfcc": [0.084, 0.112, 0.1874, 0.0873, 0.1448, 0.194, 0.1442, 0.1585, 0.0048], "audioset": [0.0802, 0.1747, 0.2961, 0.1934, 0.4255, 0.341, 0.2624, 0.1265, 0.0053], "openl3-env": [0.1029, 0.148, 0.2685, 0.1599, 0.2415, 0.3224, 0.1778, 0.0779, 0.0265], "openl3-music": [0.0979, 0.1686, 0.2092, 0.1569, 0.2091, 0.3023, 0.1909, 0.0823, 0.0161], "soundnet": [0.025, 0.0543, 0.0682, 0.0691, 0.045, 0.1982, 0.0702, 0.0679, 0.0061], "mfcc_mean": 0.12411111111111112, "audioset_mean": 0.21167777777777777, "openl3-env_mean": 0.1694888888888889, "openl3-music_mean": 0.1592555555555556, "soundnet_mean": 0.06711111111111111}, "Vehicles": {"mfcc": [0.0844, 0.0658, 0.2106, 0.0669, 0.1042, 0.0519], "audioset": [0.13, 0.2995, 0.1858, 0.364, 0.1789, 0.0652], "openl3-env": [0.1077, 0.079, 0.1807, 0.286, 0.136, 0.0702], "openl3-music": [0.1018, 0.1146, 0.1478, 0.2274, 0.1455, 0.0762], "soundnet": [0.029, -0.0289, 0.0355, 0.0854, 0.0439, 0.0159], "mfcc_mean": 0.09730000000000001, "audioset_mean": 0.20389999999999997, "openl3-env_mean": 0.14326666666666668, "openl3-music_mean": 0.13554999999999998, "soundnet_mean": 0.03013333333333333}, "Instruments": {"mfcc": [0.0122, 0.1308, 0.2233, 0.1698, 0.2527, 0.2764, 0.0428, 0.1747, 0.1542, 0.0356], "audioset": [0.0197, 0.1237, 0.1854, 0.3267, 0.253, 0.3888, 0.1656, 0.1968, 0.1973, 0.0495], "openl3-env": [0.0211, 0.2508, 0.1939, 0.2869, 0.3564, 0.3583, 0.1155, 0.2127, 0.2189, 0.0618], "openl3-music": [0.0276, 0.2104, 0.2402, 0.3189, 0.3449, 0.3458, 0.1245, 0.2382, 0.2417, 0.065], "soundnet": [0.0044, 0.073, 0.0507, 0.1053, 0.0683, 0.2082, 0.0343, 0.1011, 0.065, 0.0141], "mfcc_mean": 0.14725000000000002, "audioset_mean": 0.19065000000000001, "openl3-env_mean": 0.20762999999999998, "openl3-music_mean": 0.21571999999999997, "soundnet_mean": 0.07243999999999999}, "Animals": {"mfcc": [0.1672, 0.0897, 0.2741, 0.1342, 0.2082, 0.0649], "audioset": [0.2834, 0.089, 0.3051, 0.2098, 0.2173, 0.0897], "openl3-env": [0.2372, 0.0835, 0.2547, 0.1965, 0.1874, 0.0356], "openl3-music": [0.2356, 0.077, 0.2077, 0.2237, 0.1862, 0.0319], "soundnet": [0.0764, 0.059, 0.0858, 0.129, 0.097, 0.0021], "mfcc_mean": 0.15638333333333332, "audioset_mean": 0.19905000000000003, "openl3-env_mean": 0.16581666666666664, "openl3-music_mean": 0.16035000000000002, "soundnet_mean": 0.07488333333333334}}