{"name": "Wind", "id": "/m/03m9d0z", "sound_ids": [108924, 336784, 320061, 153104, 257373, 26010, 420937, 152901, 137746, 175940, 426783, 263076, 340299, 62459, 17486, 232959, 26988, 340298, 207125, 106130, 79253, 253612, 38646, 179339, 250380, 390849, 410241, 386667, 327546, 402614, 178615, 119086], "dataset": {"/t/dd00092": [108924, 336784, 320061, 153104, 257373, 26010, 420937, 152901, 137746, 175940, 426783, 263076, 340299, 62459, 17486, 232959, 26988, 340298], "/m/09t49": [207125, 106130, 79253, 253612, 38646, 179339, 250380, 390849, 410241, 386667, 327546, 402614, 178615, 119086]}, "labels": [0, 0, 0, 0, 0, 0, 0, 0, 0, 0, 0, 0, 0, 0, 0, 0, 0, 0, 1, 1, 1, 1, 1, 1, 1, 1, 1, 1, 1, 1, 1, 1], "label_ids": ["/t/dd00092", "/m/09t49"], "label_names": ["Wind noise (microphone)", "Rustling leaves"], "labels_mfcc": [0, 1, 2, 1, 1, 0, 0, 1, 1, 0, 1, 1, 3, 0, 1, 1, 1, 3, 2, 2, 2, 3, 2, 3, 2, 2, 2, 2, 2, 2, 2, 2], "evaluation_metrics_mfcc": {"purity": 0.9062, "adjusted_mutual_info": 0.3546, "adjusted_rand": 0.4436, "average_cluster_cohesiveness": 0.3478, "average_semantic_cohesiveness": 0.6956, "semantic_cohesiveness_per_category": {"Wind noise (microphone)": 0.7846492090877764, "Rustling leaves": 0.6065943545414793}}, "labels_audioset": [0, 0, 1, 0, 0, 1, 0, 0, 2, 2, 0, 0, 1, 0, 1, 0, 0, 1, 2, 2, 1, 1, 1, 2, 2, 1, 2, 2, 2, 2, 1, 2], "evaluation_metrics_audioset": {"purity": 0.7812, "adjusted_mutual_info": 0.2558, "adjusted_rand": 0.2901, "average_cluster_cohesiveness": 0.5613, "average_semantic_cohesiveness": 0.842, "semantic_cohesiveness_per_category": {"Wind noise (microphone)": 0.9471693852067813, "Rustling leaves": 0.7368690504322604}}, "labels_openl3-env": [0, 0, 0, 0, 1, 0, 0, 1, 1, 0, 0, 0, 0, 0, 1, 0, 1, 1, 1, 1, 2, 1, 2, 2, 2, 2, 2, 2, 2, 2, 1, 2], "evaluation_metrics_openl3-env": {"purity": 0.875, "adjusted_mutual_info": 0.416, "adjusted_rand": 0.4483, "average_cluster_cohesiveness": 0.3237, "average_semantic_cohesiveness": 0.4855, "semantic_cohesiveness_per_category": {"Wind noise (microphone)": 0.44217935649972373, "Rustling leaves": 0.5287712379549449}}, "labels_openl3-music": [0, 1, 2, 0, 1, 0, 0, 2, 2, 1, 1, 0, 0, 0, 2, 0, 2, 2, 2, 2, 1, 2, 2, 2, 2, 1, 2, 2, 1, 1, 2, 1], "evaluation_metrics_openl3-music": {"purity": 0.6875, "adjusted_mutual_info": 0.1394, "adjusted_rand": 0.0962, "average_cluster_cohesiveness": 0.654, "average_semantic_cohesiveness": 0.981, "semantic_cohesiveness_per_category": {"Wind noise (microphone)": 1.048737905262639, "Rustling leaves": 0.9132887490302515}}, "labels_soundnet": [0, 0, 1, 0, 1, 1, 0, 1, 1, 1, 1, 1, 0, 0, 1, 0, 0, 0, 0, 0, 0, 0, 1, 0, 1, 0, 0, 0, 1, 1, 1, 1], "evaluation_metrics_soundnet": {"purity": 0.5625, "adjusted_mutual_info": -0.0206, "adjusted_rand": -0.0287, "average_cluster_cohesiveness": 0.9842, "average_semantic_cohesiveness": 0.9842, "semantic_cohesiveness_per_category": {"Wind noise (microphone)": 0.9279346834569145, "Rustling leaves": 1.0405184573668693}}}