{"name": "Aircraft", "id": "/m/0k5j", "sound_ids": [69607, 172667, 187681, 69609, 69608, 187678, 420442, 333821, 189644, 257815, 209437, 208840, 209420, 207252, 270271, 113661, 176805, 113663, 113669, 209422, 263959, 96210, 183592, 113672, 207247, 184723, 208846, 209042, 113666, 325683, 113668, 231956, 263961, 140582, 208841, 140589, 327538], "dataset": {"/m/09ct_": [69607, 172667, 187681, 69609, 69608, 187678, 420442, 333821], "/m/0cmf2": [189644, 257815, 209437, 208840, 209420, 207252, 270271, 113661, 176805, 113663, 113669, 209422, 263959, 96210, 183592, 113672, 207247, 184723, 208846, 209042, 113666, 325683, 113668, 231956, 263961, 140582, 208841, 140589, 327538]}, "labels": [0, 0, 0, 0, 0, 0, 0, 0, 1, 1, 1, 1, 1, 1, 1, 1, 1, 1, 1, 1, 1, 1, 1, 1, 1, 1, 1, 1, 1, 1, 1, 1, 1, 1, 1, 1, 1], "label_ids": ["/m/09ct_", "/m/0cmf2"], "label_names": ["Helicopter", "Fixed-wing aircraft, airplane"], "labels_mfcc": [0, 0, 1, 0, 0, 0, 0, 2, 3, 2, 3, 1, 1, 0, 2, 3, 2, 2, 3, 0, 3, 3, 0, 2, 0, 0, 3, 1, 2, 2, 3, 1, 3, 1, 1, 2, 0], "evaluation_metrics_mfcc": {"purity": 0.7838, "adjusted_mutual_info": 0.0658, "adjusted_rand": 0.0279, "average_cluster_cohesiveness": 0.5237, "average_semantic_cohesiveness": 1.0475, "semantic_cohesiveness_per_category": {"Helicopter": 1.2532645922002321, "Fixed-wing aircraft, airplane": 0.841666521157741}}, "labels_audioset": [0, 1, 0, 0, 0, 0, 0, 0, 2, 1, 1, 1, 1, 1, 1, 2, 2, 2, 2, 1, 2, 2, 1, 2, 1, 1, 1, 0, 2, 2, 2, 1, 2, 1, 1, 2, 1], "evaluation_metrics_audioset": {"purity": 0.9459, "adjusted_mutual_info": 0.2995, "adjusted_rand": 0.3104, "average_cluster_cohesiveness": 0.2936, "average_semantic_cohesiveness": 0.4404, "semantic_cohesiveness_per_category": {"Helicopter": 0.4185644431995964, "Fixed-wing aircraft, airplane": 0.4622900666170139}}, "labels_openl3-env": [0, 1, 0, 0, 0, 0, 0, 1, 2, 1, 2, 2, 0, 0, 2, 1, 1, 1, 1, 0, 2, 0, 0, 1, 0, 0, 2, 0, 1, 2, 1, 2, 2, 2, 2, 2, 0], "evaluation_metrics_openl3-env": {"purity": 0.7838, "adjusted_mutual_info": 0.079, "adjusted_rand": 0.0285, "average_cluster_cohesiveness": 0.5643, "average_semantic_cohesiveness": 0.8464, "semantic_cohesiveness_per_category": {"Helicopter": 0.9931568569324173, "Fixed-wing aircraft, airplane": 0.6997218324096135}}, "labels_openl3-music": [0, 1, 0, 0, 0, 0, 0, 1, 2, 2, 2, 2, 2, 2, 2, 1, 1, 1, 1, 2, 2, 0, 0, 1, 2, 0, 2, 2, 1, 0, 1, 2, 2, 0, 2, 0, 0], "evaluation_metrics_openl3-music": {"purity": 0.7838, "adjusted_mutual_info": 0.1146, "adjusted_rand": 0.1104, "average_cluster_cohesiveness": 0.5866, "average_semantic_cohesiveness": 0.88, "semantic_cohesiveness_per_category": {"Helicopter": 0.9970411946852706, "Fixed-wing aircraft, airplane": 0.7628907639082751}}, "labels_soundnet": [0, 1, 0, 2, 0, 2, 1, 2, 2, 1, 1, 2, 1, 0, 2, 0, 2, 0, 0, 2, 0, 1, 2, 0, 2, 0, 2, 0, 0, 0, 0, 2, 1, 1, 0, 1, 2], "evaluation_metrics_soundnet": {"purity": 0.7838, "adjusted_mutual_info": -0.0289, "adjusted_rand": -0.0202, "average_cluster_cohesiveness": 0.7552, "average_semantic_cohesiveness": 1.1327, "semantic_cohesiveness_per_category": {"Helicopter": 1.4347782250273733, "Fixed-wing aircraft, airplane": 0.8307042136606945}}}