{"name": "Aircraft", "id": "/m/0k5j", "sound_ids": [69607, 172667, 187681, 69609, 69608, 187678, 420442, 333821, 189644, 257815, 209437, 208840, 209420, 207252, 270271, 113661, 176805, 113663, 113669, 209422, 263959, 96210, 183592, 113672, 207247, 184723, 208846, 209042, 113666, 325683, 113668, 231956, 263961, 140582, 208841, 140589, 327538], "dataset": {"/m/09ct_": [69607, 172667, 187681, 69609, 69608, 187678, 420442, 333821], "/m/0cmf2": [189644, 257815, 209437, 208840, 209420, 207252, 270271, 113661, 176805, 113663, 113669, 209422, 263959, 96210, 183592, 113672, 207247, 184723, 208846, 209042, 113666, 325683, 113668, 231956, 263961, 140582, 208841, 140589, 327538]}, "labels": [0, 0, 0, 0, 0, 0, 0, 0, 1, 1, 1, 1, 1, 1, 1, 1, 1, 1, 1, 1, 1, 1, 1, 1, 1, 1, 1, 1, 1, 1, 1, 1, 1, 1, 1, 1, 1], "label_ids": ["/m/09ct_", "/m/0cmf2"], "label_names": ["Helicopter", "Fixed-wing aircraft, airplane"], "labels_mfcc": [1, 1, 1, 1, 1, 1, 1, 0, 0, 0, 0, 1, 1, 1, 0, 0, 0, 0, 0, 1, 0, 0, 1, 0, 1, 1, 0, 0, 0, 0, 0, 0, 0, 0, 0, 0, 1], "evaluation_metrics_mfcc": {"purity": 0.7838, "adjusted_mutual_info": 0.1777, "adjusted_rand": 0.2412, "average_cluster_cohesiveness": 0.6318, "average_semantic_cohesiveness": 0.6318, "semantic_cohesiveness_per_category": {"Helicopter": 0.7158180848678796, "Fixed-wing aircraft, airplane": 0.5477385349167829}}, "labels_audioset": [0, 1, 0, 0, 0, 0, 0, 0, 1, 1, 1, 1, 1, 1, 1, 1, 1, 1, 1, 1, 1, 1, 1, 1, 1, 1, 1, 1, 1, 1, 1, 1, 1, 1, 1, 1, 1], "evaluation_metrics_audioset": {"purity": 0.973, "adjusted_mutual_info": 0.7658, "adjusted_rand": 0.8783, "average_cluster_cohesiveness": 0.1054, "average_semantic_cohesiveness": 0.1054, "semantic_cohesiveness_per_category": {"Helicopter": 0.1635630198536173, "Fixed-wing aircraft, airplane": 0.04727928046491485}}, "labels_openl3-env": [1, 0, 1, 1, 1, 1, 1, 1, 1, 0, 1, 1, 1, 1, 1, 0, 0, 0, 0, 1, 1, 1, 1, 0, 1, 1, 1, 1, 0, 1, 0, 1, 1, 1, 1, 1, 1], "evaluation_metrics_openl3-env": {"purity": 0.7838, "adjusted_mutual_info": -0.0073, "adjusted_rand": -0.0699, "average_cluster_cohesiveness": 0.6573, "average_semantic_cohesiveness": 0.6573, "semantic_cohesiveness_per_category": {"Helicopter": 0.8522138890491457, "Fixed-wing aircraft, airplane": 0.4623225701856328}}, "labels_openl3-music": [1, 0, 1, 1, 1, 1, 1, 0, 0, 0, 0, 0, 0, 0, 0, 0, 0, 0, 0, 0, 0, 1, 1, 0, 0, 1, 0, 0, 0, 1, 0, 0, 0, 1, 0, 1, 1], "evaluation_metrics_openl3-music": {"purity": 0.7838, "adjusted_mutual_info": 0.1242, "adjusted_rand": 0.2285, "average_cluster_cohesiveness": 0.7048, "average_semantic_cohesiveness": 0.7048, "semantic_cohesiveness_per_category": {"Helicopter": 0.8135825138692976, "Fixed-wing aircraft, airplane": 0.5959617885192617}}, "labels_soundnet": [0, 0, 0, 1, 0, 1, 0, 1, 1, 0, 0, 1, 0, 0, 1, 0, 1, 0, 0, 1, 0, 0, 1, 0, 1, 0, 1, 0, 0, 0, 0, 1, 0, 0, 0, 0, 1], "evaluation_metrics_soundnet": {"purity": 0.7838, "adjusted_mutual_info": -0.023, "adjusted_rand": -0.0103, "average_cluster_cohesiveness": 0.7588, "average_semantic_cohesiveness": 0.7588, "semantic_cohesiveness_per_category": {"Helicopter": 0.9596525513892051, "Fixed-wing aircraft, airplane": 0.5579821520463306}}}