{"name": "Wind", "id": "/m/03m9d0z", "sound_ids": [108924, 336784, 320061, 153104, 257373, 26010, 420937, 152901, 137746, 175940, 426783, 263076, 340299, 62459, 17486, 232959, 26988, 340298, 207125, 106130, 79253, 253612, 38646, 179339, 250380, 390849, 410241, 386667, 327546, 402614, 178615, 119086], "dataset": {"/t/dd00092": [108924, 336784, 320061, 153104, 257373, 26010, 420937, 152901, 137746, 175940, 426783, 263076, 340299, 62459, 17486, 232959, 26988, 340298], "/m/09t49": [207125, 106130, 79253, 253612, 38646, 179339, 250380, 390849, 410241, 386667, 327546, 402614, 178615, 119086]}, "labels": [0, 0, 0, 0, 0, 0, 0, 0, 0, 0, 0, 0, 0, 0, 0, 0, 0, 0, 1, 1, 1, 1, 1, 1, 1, 1, 1, 1, 1, 1, 1, 1], "label_ids": ["/t/dd00092", "/m/09t49"], "label_names": ["Wind noise (microphone)", "Rustling leaves"], "labels_mfcc": [1, 0, 1, 0, 0, 0, 0, 0, 0, 1, 0, 0, 0, 0, 0, 0, 0, 0, 1, 1, 1, 1, 1, 0, 1, 1, 1, 1, 1, 1, 1, 1], "evaluation_metrics_mfcc": {"purity": 0.875, "adjusted_mutual_info": 0.4591, "adjusted_rand": 0.5482, "average_cluster_cohesiveness": 0.5168, "average_semantic_cohesiveness": 0.5168, "semantic_cohesiveness_per_category": {"Wind noise (microphone)": 0.5401095977317971, "Rustling leaves": 0.4933927290103627}}, "labels_audioset": [1, 1, 1, 1, 1, 1, 1, 1, 0, 0, 1, 1, 1, 0, 1, 1, 1, 1, 0, 0, 1, 1, 1, 0, 0, 1, 0, 0, 0, 0, 1, 0], "evaluation_metrics_audioset": {"purity": 0.75, "adjusted_mutual_info": 0.1592, "adjusted_rand": 0.2262, "average_cluster_cohesiveness": 0.8113, "average_semantic_cohesiveness": 0.8113, "semantic_cohesiveness_per_category": {"Wind noise (microphone)": 0.8112781244591328, "Rustling leaves": 0.8112781244591328}}, "labels_openl3-env": [0, 0, 0, 0, 0, 0, 0, 0, 0, 0, 0, 0, 0, 0, 0, 0, 0, 0, 0, 0, 1, 0, 1, 1, 1, 1, 1, 1, 1, 1, 0, 1], "evaluation_metrics_openl3-env": {"purity": 0.875, "adjusted_mutual_info": 0.5125, "adjusted_rand": 0.5492, "average_cluster_cohesiveness": 0.342, "average_semantic_cohesiveness": 0.342, "semantic_cohesiveness_per_category": {"Wind noise (microphone)": 0.23686905043226034, "Rustling leaves": 0.44716938520678134}}, "labels_openl3-music": [0, 1, 0, 0, 1, 0, 0, 0, 0, 1, 1, 1, 0, 0, 0, 0, 0, 0, 0, 0, 0, 0, 0, 0, 0, 1, 0, 0, 1, 1, 0, 1], "evaluation_metrics_openl3-music": {"purity": 0.5625, "adjusted_mutual_info": -0.025, "adjusted_rand": -0.0255, "average_cluster_cohesiveness": 0.9894, "average_semantic_cohesiveness": 0.9894, "semantic_cohesiveness_per_category": {"Wind noise (microphone)": 0.9363523965699614, "Rustling leaves": 1.0424161721640641}}, "labels_soundnet": [0, 0, 0, 0, 1, 1, 0, 1, 1, 1, 1, 1, 0, 0, 1, 0, 0, 0, 0, 0, 0, 0, 1, 0, 1, 0, 0, 0, 1, 1, 1, 1], "evaluation_metrics_soundnet": {"purity": 0.5625, "adjusted_mutual_info": -0.0244, "adjusted_rand": -0.0325, "average_cluster_cohesiveness": 0.9882, "average_semantic_cohesiveness": 0.9882, "semantic_cohesiveness_per_category": {"Wind noise (microphone)": 0.9324550622777301, "Rustling leaves": 1.0438491335947435}}}